{
	"easycom": {
		"^u-(.*)": "uview-ui/components/u-$1/u-$1.vue"
	},
	"pages": [
		//pages数组中第一项表示应用启动页，参考：https://uniapp.dcloud.io/collocation/pages
		{
			"path": "pages/tabbar/home",
			"style": {
				"navigationBarTitleText": "首页",
				"navigationStyle": "custom"
			}
		},
		{
			"path": "pages/government_service/business_page",
			"style": {
				"navigationBarTitleText": "办事"
			}
		},
		{
			"path": "pages/tabbar/government_service",
			"style": {
				"navigationBarTitleText": "政务服务"
			}
		},
		{
			"path": "pages/tabbar/convenient_service",
			"style": {
				"navigationBarTitleText": "便民服务"
			}
		},
		{
			"path": "pages/tabbar/mine",
			"style": {
				"navigationBarTitleText": "个人中心",
				"navigationStyle": "custom"
			}
		},
		{
			"path": "pages/government_service/item_list",
			"style": {
				"navigationBarTitleText": "事项列表"
			}
		},
		{
			"path": "pages/government_service/network_detail",
			"style": {
				"navigationBarTitleText": "网点详情"
			}
		},
		{
			"path": "pages/business_guide/business_guide",
			"style": {
				"navigationBarTitleText": "办事指南"
			}
		},
		{
			"path": "pages/base_apply/base_apply_page",
			"style": {
				"navigationStyle": "custom"
			}
		},
		{
			"path": "pages/base_apply/base_form_uni"
		},
		{
			"path": "pages/base_apply/material_page"
		},
		{
			"path": "pages/base_apply/mail_express_page"
		},
		{
			"path": "pages/base_apply/comfirm_page"
		}

		, {
			"path": "pages/mine/my_business_page/my_business_page",
			"style": {
				"navigationBarTitleText": "我的办件"
			}
		}, {
			"path": "pages/mine/my_collection_page/my_collection_page",
			"style": {
				"navigationBarTitleText": "我的收藏"
			}
		}, {
			"path": "pages/mine/my_subscribe_page/my_subscribe_page",
			"style": {
				"navigationBarTitleText": "我的预约"
			}
		}, {
			"path": "pages/login/login",
			"style": {
				"navigationStyle": "custom"
			}
		}

		, {
			"path": "pages/register/register",
			"style": {
				"navigationStyle": "custom"
			}
		}, {
			"path": "pages/register/register_step2",
			"style": {
				"navigationStyle": "custom"
			}
		}, {
			"path": "pages/register/register_info",
			"style": {
				"navigationStyle": "custom"
			}
		}, {
			"path": "pages/login/forget_password/forget_password",
			"style": {
				"navigationStyle": "custom"
			}
		}, {
			"path": "pages/login/forget_password/forget_password_final",
			"style": {
				"navigationStyle": "custom"
			}
		}, {
			"path": "pages/appointment/appointment",
			"style": {
				"navigationBarTitleText": "我要预约"
			}
		},
		{
			"path": "pages/hotlist/hotlist",
			"style": {
				"navigationBarTitleText": "热门事项"
			}
		},
		{
			"path": "pages/address/add_address",
			"style": {
				"navigationBarTitleText": "添加新地址"
			}
		},
		{
			"path": "pages/address/address_list",
			"style": {
				"navigationBarTitleText": "地址管理"
			}
		}
	],
	"globalStyle": {
		"navigationBarTextStyle": "black",
		"navigationBarTitleText": "uni-app",
		"navigationBarBackgroundColor": "#F8F8F8",
		"backgroundColor": "#F8F8F8"
	},
	"tabBar": {
		"borderStyle": "black",
		"backgroundColor": "#F9F9F9",
		"color": "#595959",
		"selectedColor": "#0081FF",
		"list": [{
				"pagePath": "pages/tabbar/home",
				"iconPath": "static/images/tabbar/tabbar_home.png",
				"selectedIconPath": "static/images/tabbar/tabbar_home_selected.png",
				"text": "首页"
			},
			{
				"pagePath": "pages/tabbar/government_service",
				"iconPath": "static/images/tabbar/tabbar_gov.png",
				"selectedIconPath": "static/images/tabbar/tabbar_gov_selected.png",
				"text": "政务服务"
			},
			{
				"pagePath": "pages/tabbar/convenient_service",
				"iconPath": "static/images/tabbar/tabbar_com.png",
				"selectedIconPath": "static/images/tabbar/tabbar_com_selected.png",
				"text": "便民服务"
			},
			{
				"pagePath": "pages/tabbar/mine",
				"iconPath": "static/images/tabbar/tabbar_me.png",
				"selectedIconPath": "static/images/tabbar/tabbar_me_selected.png",
				"text": "我的"
			}
		]
	},
	"condition": { //模式配置，仅开发期间生效
		"current": 0, //当前激活的模式(list 的索引项)
		"list": [{
			"name": "", //模式名称
			"path": "", //启动页面，必选
			"query": "" //启动参数，在页面的onLoad函数里面得到
		}]
	}
}
